-- ─────────────────────────────────────────────────────────────────────────────
-- Seed: Demo space with realistic data for local development and testing
-- Password for all demo users: Demo1234!
-- BCrypt hash of "Demo1234!" with work factor 12:
-- $2a$12$LQv3c1yqBWVHxkd0LHAkCOYz6TtxMQJqhN8/LewdBPj/RK.s5uoHi
-- ─────────────────────────────────────────────────────────────────────────────

-- ─── Demo Users ──────────────────────────────────────────────────────────────
INSERT INTO users (id, email, display_name, password_hash, preferred_locale) VALUES
  ('00000000-0000-0000-0000-000000000001', 'admin@demo.local',   'מפקד פלוגה',  '$2a$12$LQv3c1yqBWVHxkd0LHAkCOYz6TtxMQJqhN8/LewdBPj/RK.s5uoHi', 'he'),
  ('00000000-0000-0000-0000-000000000002', 'ofek@demo.local',    'אופק',         '$2a$12$LQv3c1yqBWVHxkd0LHAkCOYz6TtxMQJqhN8/LewdBPj/RK.s5uoHi', 'he'),
  ('00000000-0000-0000-0000-000000000003', 'yael@demo.local',    'יעל',          '$2a$12$LQv3c1yqBWVHxkd0LHAkCOYz6TtxMQJqhN8/LewdBPj/RK.s5uoHi', 'he'),
  ('00000000-0000-0000-0000-000000000004', 'viewer@demo.local',  'צופה',         '$2a$12$LQv3c1yqBWVHxkd0LHAkCOYz6TtxMQJqhN8/LewdBPj/RK.s5uoHi', 'he')
ON CONFLICT DO NOTHING;

-- ─── Demo Space ──────────────────────────────────────────────────────────────
INSERT INTO spaces (id, name, description, owner_user_id, locale) VALUES
  ('10000000-0000-0000-0000-000000000001', 'מחלקה א׳', 'מחלקה לדוגמה לפיתוח', '00000000-0000-0000-0000-000000000001', 'he')
ON CONFLICT DO NOTHING;

-- ─── Memberships ─────────────────────────────────────────────────────────────
INSERT INTO space_memberships (space_id, user_id) VALUES
  ('10000000-0000-0000-0000-000000000001', '00000000-0000-0000-0000-000000000001'),
  ('10000000-0000-0000-0000-000000000001', '00000000-0000-0000-0000-000000000002'),
  ('10000000-0000-0000-0000-000000000001', '00000000-0000-0000-0000-000000000003'),
  ('10000000-0000-0000-0000-000000000001', '00000000-0000-0000-0000-000000000004')
ON CONFLICT DO NOTHING;

-- ─── Permissions for admin user ──────────────────────────────────────────────
INSERT INTO space_permission_grants (space_id, user_id, permission_key, granted_by_user_id) VALUES
  ('10000000-0000-0000-0000-000000000001', '00000000-0000-0000-0000-000000000001', 'space.view',                    '00000000-0000-0000-0000-000000000001'),
  ('10000000-0000-0000-0000-000000000001', '00000000-0000-0000-0000-000000000001', 'space.admin_mode',              '00000000-0000-0000-0000-000000000001'),
  ('10000000-0000-0000-0000-000000000001', '00000000-0000-0000-0000-000000000001', 'people.manage',                 '00000000-0000-0000-0000-000000000001'),
  ('10000000-0000-0000-0000-000000000001', '00000000-0000-0000-0000-000000000001', 'tasks.manage',                  '00000000-0000-0000-0000-000000000001'),
  ('10000000-0000-0000-0000-000000000001', '00000000-0000-0000-0000-000000000001', 'schedule.publish',              '00000000-0000-0000-0000-000000000001'),
  ('10000000-0000-0000-0000-000000000001', '00000000-0000-0000-0000-000000000001', 'schedule.rollback',             '00000000-0000-0000-0000-000000000001'),
  ('10000000-0000-0000-0000-000000000001', '00000000-0000-0000-0000-000000000001', 'schedule.recalculate',          '00000000-0000-0000-0000-000000000001'),
  ('10000000-0000-0000-0000-000000000001', '00000000-0000-0000-0000-000000000001', 'constraints.manage',            '00000000-0000-0000-0000-000000000001'),
  ('10000000-0000-0000-0000-000000000001', '00000000-0000-0000-0000-000000000001', 'restrictions.manage_sensitive', '00000000-0000-0000-0000-000000000001'),
  ('10000000-0000-0000-0000-000000000001', '00000000-0000-0000-0000-000000000001', 'permissions.manage',            '00000000-0000-0000-0000-000000000001'),
  ('10000000-0000-0000-0000-000000000001', '00000000-0000-0000-0000-000000000001', 'logs.view_sensitive',           '00000000-0000-0000-0000-000000000001')
ON CONFLICT DO NOTHING;

-- Viewer user gets only space.view
INSERT INTO space_permission_grants (space_id, user_id, permission_key, granted_by_user_id) VALUES
  ('10000000-0000-0000-0000-000000000001', '00000000-0000-0000-0000-000000000004', 'space.view', '00000000-0000-0000-0000-000000000001')
ON CONFLICT DO NOTHING;

-- ─── Operational Roles ───────────────────────────────────────────────────────
INSERT INTO space_roles (id, space_id, name, description, created_by_user_id) VALUES
  ('20000000-0000-0000-0000-000000000001', '10000000-0000-0000-0000-000000000001', 'חייל',           'חייל קרבי', '00000000-0000-0000-0000-000000000001'),
  ('20000000-0000-0000-0000-000000000002', '10000000-0000-0000-0000-000000000001', 'מ"כ',            'מפקד כיתה', '00000000-0000-0000-0000-000000000001'),
  ('20000000-0000-0000-0000-000000000003', '10000000-0000-0000-0000-000000000001', 'חובש',           'חובש שדה',  '00000000-0000-0000-0000-000000000001'),
  ('20000000-0000-0000-0000-000000000004', '10000000-0000-0000-0000-000000000001', 'קצין תורן',      'קצין תורן', '00000000-0000-0000-0000-000000000001')
ON CONFLICT DO NOTHING;

-- ─── Group Types ─────────────────────────────────────────────────────────────
INSERT INTO group_types (id, space_id, name) VALUES
  ('30000000-0000-0000-0000-000000000001', '10000000-0000-0000-0000-000000000001', 'כיתה'),
  ('30000000-0000-0000-0000-000000000002', '10000000-0000-0000-0000-000000000001', 'מחלקה')
ON CONFLICT DO NOTHING;

-- ─── Groups ──────────────────────────────────────────────────────────────────
INSERT INTO groups (id, space_id, group_type_id, name) VALUES
  ('40000000-0000-0000-0000-000000000001', '10000000-0000-0000-0000-000000000001', '30000000-0000-0000-0000-000000000001', 'כיתה א׳'),
  ('40000000-0000-0000-0000-000000000002', '10000000-0000-0000-0000-000000000001', '30000000-0000-0000-0000-000000000001', 'כיתה ב׳')
ON CONFLICT DO NOTHING;

-- ─── People ──────────────────────────────────────────────────────────────────
INSERT INTO people (id, space_id, full_name, display_name) VALUES
  ('50000000-0000-0000-0000-000000000001', '10000000-0000-0000-0000-000000000001', 'אופק ישראלי',   'אופק'),
  ('50000000-0000-0000-0000-000000000002', '10000000-0000-0000-0000-000000000001', 'יעל כהן',       'יעל'),
  ('50000000-0000-0000-0000-000000000003', '10000000-0000-0000-0000-000000000001', 'דניאל לוי',     'דניאל'),
  ('50000000-0000-0000-0000-000000000004', '10000000-0000-0000-0000-000000000001', 'מיכל אברהם',    'מיכל'),
  ('50000000-0000-0000-0000-000000000005', '10000000-0000-0000-0000-000000000001', 'רון שמיר',      'רון'),
  ('50000000-0000-0000-0000-000000000006', '10000000-0000-0000-0000-000000000001', 'נועה גולן',     'נועה')
ON CONFLICT DO NOTHING;

-- ─── Task Types ──────────────────────────────────────────────────────────────
INSERT INTO task_types (id, space_id, name, burden_level, allows_overlap, created_by_user_id) VALUES
  ('60000000-0000-0000-0000-000000000001', '10000000-0000-0000-0000-000000000001', 'עמדה 1',    'neutral',   false, '00000000-0000-0000-0000-000000000001'),
  ('60000000-0000-0000-0000-000000000002', '10000000-0000-0000-0000-000000000001', 'עמדה 2',    'neutral',   false, '00000000-0000-0000-0000-000000000001'),
  ('60000000-0000-0000-0000-000000000003', '10000000-0000-0000-0000-000000000001', 'מטבח',      'disliked',  false, '00000000-0000-0000-0000-000000000001'),
  ('60000000-0000-0000-0000-000000000004', '10000000-0000-0000-0000-000000000001', 'חדר מלחמה', 'hated',     false, '00000000-0000-0000-0000-000000000001'),
  ('60000000-0000-0000-0000-000000000005', '10000000-0000-0000-0000-000000000001', 'סיור',      'disliked',  false, '00000000-0000-0000-0000-000000000001'),
  ('60000000-0000-0000-0000-000000000006', '10000000-0000-0000-0000-000000000001', 'מילואים',   'favorable', false, '00000000-0000-0000-0000-000000000001')
ON CONFLICT DO NOTHING;
